hex,alpha entity
0x0024,$
0x00c6,&AElig;
0x0026,&AMP;
0x00c1,&Aacute;
0x0102,&Abreve;
0x00c2,&Acirc;
0x0410,&Acy;
0x1d504,&Afr;
0x00c0,&Agrave;
0x0391,&Alpha;
0x0100,&Amacr;
0x2a53,&And;
0x0104,&Aogon;
0x1d538,&Aopf;
0x2061,&ApplyFunction;
0x00c5,&Aring;
0x1d49c,&Ascr;
0x2254,&Assign;
0x00c3,&Atilde;
0x00c4,&Auml;
0x2216,&Backslash;
0x2ae7,&Barv;
0x2306,&Barwed;
0x0411,&Bcy;
0x2235,&Because;
0x212c,&Bernoullis;
0x0392,&Beta;
0x1d505,&Bfr;
0x1d539,&Bopf;
0x02d8,&Breve;
0x212c,&Bscr;
0x224e,&Bumpeq;
0x0427,&CHcy;
0x00a9,&COPY;
0x0106,&Cacute;
0x22d2,&Cap;
0x2145,&CapitalDifferentialD;
0x212d,&Cayleys;
0x010c,&Ccaron;
0x00c7,&Ccedil;
0x0108,&Ccirc;
0x2230,&Cconint;
0x010a,&Cdot;
0x00b8,&Cedilla;
0x00b7,&CenterDot;
0x212d,&Cfr;
0x03a7,&Chi;
0x2299,&CircleDot;
0x2296,&CircleMinus;
0x2295,&CirclePlus;
0x2297,&CircleTimes;
0x2232,&ClockwiseContourIntegral;
0x201d,&CloseCurlyDoubleQuote;
0x2019,&CloseCurlyQuote;
0x2237,&Colon;
0x2a74,&Colone;
0x2261,&Congruent;
0x222f,&Conint;
0x222e,&ContourIntegral;
0x2102,&Copf;
0x2210,&Coproduct;
0x2233,&CounterClockwiseContourIntegral;
0x2a2f,&Cross;
0x1d49e,&Cscr;
0x22d3,&Cup;
0x224d,&CupCap;
0x2145,&DD;
0x2911,&DDotrahd;
0x0402,&DJcy;
0x0405,&DScy;
0x040f,&DZcy;
0x2021,&Dagger;
0x21a1,&Darr;
0x2ae4,&Dashv;
0x010e,&Dcaron;
0x0414,&Dcy;
0x2207,&Del;
0x0394,&Delta;
0x1d507,&Dfr;
0x00b4,&DiacriticalAcute;
0x02d9,&DiacriticalDot;
0x02dd,&DiacriticalDoubleAcute;
0x0060,&DiacriticalGrave;
0x02dc,&DiacriticalTilde;
0x22c4,&Diamond;
0x2146,&DifferentialD;
0x1d53b,&Dopf;
0x00a8,&Dot;
0x20dc,&DotDot;
0x2250,&DotEqual;
0x222f,&DoubleContourIntegral;
0x00a8,&DoubleDot;
0x21d3,&DoubleDownArrow;
0x21d0,&DoubleLeftArrow;
0x21d4,&DoubleLeftRightArrow;
0x2ae4,&DoubleLeftTee;
0x27f8,&DoubleLongLeftArrow;
0x27fa,&DoubleLongLeftRightArrow;
0x27f9,&DoubleLongRightArrow;
0x21d2,&DoubleRightArrow;
0x22a8,&DoubleRightTee;
0x21d1,&DoubleUpArrow;
0x21d5,&DoubleUpDownArrow;
0x2225,&DoubleVerticalBar;
0x2193,&DownArrow;
0x2913,&DownArrowBar;
0x21f5,&DownArrowUpArrow;
0x0311,&DownBreve;
0x2950,&DownLeftRightVector;
0x295e,&DownLeftTeeVector;
0x21bd,&DownLeftVector;
0x2956,&DownLeftVectorBar;
0x295f,&DownRightTeeVector;
0x21c1,&DownRightVector;
0x2957,&DownRightVectorBar;
0x22a4,&DownTee;
0x21a7,&DownTeeArrow;
0x21d3,&Downarrow;
0x1d49f,&Dscr;
0x0110,&Dstrok;
0x014a,&ENG;
0x00d0,&ETH;
0x00c9,&Eacute;
0x011a,&Ecaron;
0x00ca,&Ecirc;
0x042d,&Ecy;
0x0116,&Edot;
0x1d508,&Efr;
0x00c8,&Egrave;
0x2208,&Element;
0x0112,&Emacr;
0x25fb,&EmptySmallSquare;
0x25ab,&EmptyVerySmallSquare;
0x0118,&Eogon;
0x1d53c,&Eopf;
0x0395,&Epsilon;
0x2a75,&Equal;
0x2242,&EqualTilde;
0x21cc,&Equilibrium;
0x2130,&Escr;
0x2a73,&Esim;
0x0397,&Eta;
0x00cb,&Euml;
0x2203,&Exists;
0x2147,&ExponentialE;
0x0424,&Fcy;
0x1d509,&Ffr;
0x25fc,&FilledSmallSquare;
0x25aa,&FilledVerySmallSquare;
0x1d53d,&Fopf;
0x2200,&ForAll;
0x2131,&Fouriertrf;
0x2131,&Fscr;
0x0403,&GJcy;
0x003e,&GT;
0x0393,&Gamma;
0x03dc,&Gammad;
0x011e,&Gbreve;
0x0122,&Gcedil;
0x011c,&Gcirc;
0x0413,&Gcy;
0x0120,&Gdot;
0x1d50a,&Gfr;
0x22d9,&Gg;
0x1d53e,&Gopf;
0x2265,&GreaterEqual;
0x22db,&GreaterEqualLess;
0x2267,&GreaterFullEqual;
0x2aa2,&GreaterGreater;
0x2277,&GreaterLess;
0x2a7e,&GreaterSlantEqual;
0x2273,&GreaterTilde;
0x1d4a2,&Gscr;
0x226b,&Gt;
0x042a,&HARDcy;
0x02c7,&Hacek;
0x005e,&Hat;
0x0124,&Hcirc;
0x210c,&Hfr;
0x210b,&HilbertSpace;
0x210d,&Hopf;
0x2500,&HorizontalLine;
0x210b,&Hscr;
0x0126,&Hstrok;
0x224e,&HumpDownHump;
0x224f,&HumpEqual;
0x0415,&IEcy;
0x0132,&IJlig;
0x0401,&IOcy;
0x00cd,&Iacute;
0x00ce,&Icirc;
0x0418,&Icy;
0x0130,&Idot;
0x2111,&Ifr;
0x00cc,&Igrave;
0x2111,&Im;
0x012a,&Imacr;
0x2148,&ImaginaryI;
0x21d2,&Implies;
0x222c,&Int;
0x222b,&Integral;
0x22c2,&Intersection;
0x2063,&InvisibleComma;
0x2062,&InvisibleTimes;
0x012e,&Iogon;
0x1d540,&Iopf;
0x0399,&Iota;
0x2110,&Iscr;
0x0128,&Itilde;
0x0406,&Iukcy;
0x00cf,&Iuml;
0x0134,&Jcirc;
0x0419,&Jcy;
0x1d50d,&Jfr;
0x1d541,&Jopf;
0x1d4a5,&Jscr;
0x0408,&Jsercy;
0x0404,&Jukcy;
0x0425,&KHcy;
0x040c,&KJcy;
0x039a,&Kappa;
0x0136,&Kcedil;
0x041a,&Kcy;
0x1d50e,&Kfr;
0x1d542,&Kopf;
0x1d4a6,&Kscr;
0x0409,&LJcy;
0x003c,&LT;
0x0139,&Lacute;
0x039b,&Lambda;
0x27ea,&Lang;
0x2112,&Laplacetrf;
0x219e,&Larr;
0x013d,&Lcaron;
0x013b,&Lcedil;
0x041b,&Lcy;
0x27e8,&LeftAngleBracket;
0x2190,&LeftArrow;
0x21e4,&LeftArrowBar;
0x21c6,&LeftArrowRightArrow;
0x2308,&LeftCeiling;
0x27e6,&LeftDoubleBracket;
0x2961,&LeftDownTeeVector;
0x21c3,&LeftDownVector;
0x2959,&LeftDownVectorBar;
0x230a,&LeftFloor;
0x2194,&LeftRightArrow;
0x294e,&LeftRightVector;
0x22a3,&LeftTee;
0x21a4,&LeftTeeArrow;
0x295a,&LeftTeeVector;
0x22b2,&LeftTriangle;
0x29cf,&LeftTriangleBar;
0x22b4,&LeftTriangleEqual;
0x2951,&LeftUpDownVector;
0x2960,&LeftUpTeeVector;
0x21bf,&LeftUpVector;
0x2958,&LeftUpVectorBar;
0x21bc,&LeftVector;
0x2952,&LeftVectorBar;
0x21d0,&Leftarrow;
0x21d4,&Leftrightarrow;
0x22da,&LessEqualGreater;
0x2266,&LessFullEqual;
0x2276,&LessGreater;
0x2aa1,&LessLess;
0x2a7d,&LessSlantEqual;
0x2272,&LessTilde;
0x1d50f,&Lfr;
0x22d8,&Ll;
0x21da,&Lleftarrow;
0x013f,&Lmidot;
0x27f5,&LongLeftArrow;
0x27f7,&LongLeftRightArrow;
0x27f6,&LongRightArrow;
0x27f8,&Longleftarrow;
0x27fa,&Longleftrightarrow;
0x27f9,&Longrightarrow;
0x1d543,&Lopf;
0x2199,&LowerLeftArrow;
0x2198,&LowerRightArrow;
0x2112,&Lscr;
0x21b0,&Lsh;
0x0141,&Lstrok;
0x226a,&Lt;
0x2905,&Map;
0x041c,&Mcy;
0x205f,&MediumSpace;
0x2133,&Mellintrf;
0x1d510,&Mfr;
0x2213,&MinusPlus;
0x1d544,&Mopf;
0x2133,&Mscr;
0x039c,&Mu;
0x040a,&NJcy;
0x0143,&Nacute;
0x0147,&Ncaron;
0x0145,&Ncedil;
0x041d,&Ncy;
0x200b,&NegativeMediumSpace;
0x200b,&NegativeThickSpace;
0x200b,&NegativeThinSpace;
0x200b,&NegativeVeryThinSpace;
0x226b,&NestedGreaterGreater;
0x226a,&NestedLessLess;
0x000a,&NewLine;
0x1d511,&Nfr;
0x2060,&NoBreak;
0x00a0,&NonBreakingSpace;
0x2115,&Nopf;
0x2aec,&Not;
0x2262,&NotCongruent;
0x226d,&NotCupCap;
0x2226,&NotDoubleVerticalBar;
0x2209,&NotElement;
0x2260,&NotEqual;
0x2242,&NotEqualTilde;
0x2204,&NotExists;
0x226f,&NotGreater;
0x2271,&NotGreaterEqual;
0x2267,&NotGreaterFullEqual;
0x226b,&NotGreaterGreater;
0x2279,&NotGreaterLess;
0x2a7e,&NotGreaterSlantEqual;
0x2275,&NotGreaterTilde;
0x224e,&NotHumpDownHump;
0x224f,&NotHumpEqual;
0x22ea,&NotLeftTriangle;
0x29cf,&NotLeftTriangleBar;
0x22ec,&NotLeftTriangleEqual;
0x226e,&NotLess;
0x2270,&NotLessEqual;
0x2278,&NotLessGreater;
0x226a,&NotLessLess;
0x2a7d,&NotLessSlantEqual;
0x2274,&NotLessTilde;
0x2aa2,&NotNestedGreaterGreater;
0x2aa1,&NotNestedLessLess;
0x2280,&NotPrecedes;
0x2aaf,&NotPrecedesEqual;
0x22e0,&NotPrecedesSlantEqual;
0x220c,&NotReverseElement;
0x22eb,&NotRightTriangle;
0x29d0,&NotRightTriangleBar;
0x22ed,&NotRightTriangleEqual;
0x228f,&NotSquareSubset;
0x22e2,&NotSquareSubsetEqual;
0x2290,&NotSquareSuperset;
0x22e3,&NotSquareSupersetEqual;
0x2282,&NotSubset;
0x2288,&NotSubsetEqual;
0x2281,&NotSucceeds;
0x2ab0,&NotSucceedsEqual;
0x22e1,&NotSucceedsSlantEqual;
0x227f,&NotSucceedsTilde;
0x2283,&NotSuperset;
0x2289,&NotSupersetEqual;
0x2241,&NotTilde;
0x2244,&NotTildeEqual;
0x2247,&NotTildeFullEqual;
0x2249,&NotTildeTilde;
0x2224,&NotVerticalBar;
0x1d4a9,&Nscr;
0x00d1,&Ntilde;
0x039d,&Nu;
0x0152,&OElig;
0x00d3,&Oacute;
0x00d4,&Ocirc;
0x041e,&Ocy;
0x0150,&Odblac;
0x1d512,&Ofr;
0x00d2,&Ograve;
0x014c,&Omacr;
0x03a9,&Omega;
0x039f,&Omicron;
0x1d546,&Oopf;
0x201c,&OpenCurlyDoubleQuote;
0x2018,&OpenCurlyQuote;
0x2a54,&Or;
0x1d4aa,&Oscr;
0x00d8,&Oslash;
0x00d5,&Otilde;
0x2a37,&Otimes;
0x00d6,&Ouml;
0x203e,&OverBar;
0x23de,&OverBrace;
0x23b4,&OverBracket;
0x23dc,&OverParenthesis;
0x2202,&PartialD;
0x041f,&Pcy;
0x1d513,&Pfr;
0x03a6,&Phi;
0x03a0,&Pi;
0x00b1,&PlusMinus;
0x210c,&Poincareplane;
0x2119,&Popf;
0x2abb,&Pr;
0x227a,&Precedes;
0x2aaf,&PrecedesEqual;
0x227c,&PrecedesSlantEqual;
0x227e,&PrecedesTilde;
0x2033,&Prime;
0x220f,&Product;
0x2237,&Proportion;
0x221d,&Proportional;
0x1d4ab,&Pscr;
0x03a8,&Psi;
0x0022,&QUOT;
0x1d514,&Qfr;
0x211a,&Qopf;
0x1d4ac,&Qscr;
0x2910,&RBarr;
0x00ae,&REG;
0x0154,&Racute;
0x27eb,&Rang;
0x21a0,&Rarr;
0x2916,&Rarrtl;
0x0158,&Rcaron;
0x0156,&Rcedil;
0x0420,&Rcy;
0x211c,&Re;
0x220b,&ReverseElement;
0x21cb,&ReverseEquilibrium;
0x296f,&ReverseUpEquilibrium;
0x211c,&Rfr;
0x03a1,&Rho;
0x27e9,&RightAngleBracket;
0x2192,&RightArrow;
0x21e5,&RightArrowBar;
0x21c4,&RightArrowLeftArrow;
0x2309,&RightCeiling;
0x27e7,&RightDoubleBracket;
0x295d,&RightDownTeeVector;
0x21c2,&RightDownVector;
0x2955,&RightDownVectorBar;
0x230b,&RightFloor;
0x22a2,&RightTee;
0x21a6,&RightTeeArrow;
0x295b,&RightTeeVector;
0x22b3,&RightTriangle;
0x29d0,&RightTriangleBar;
0x22b5,&RightTriangleEqual;
0x294f,&RightUpDownVector;
0x295c,&RightUpTeeVector;
0x21be,&RightUpVector;
0x2954,&RightUpVectorBar;
0x21c0,&RightVector;
0x2953,&RightVectorBar;
0x21d2,&Rightarrow;
0x211d,&Ropf;
0x2970,&RoundImplies;
0x21db,&Rrightarrow;
0x211b,&Rscr;
0x21b1,&Rsh;
0x29f4,&RuleDelayed;
0x0429,&SHCHcy;
0x0428,&SHcy;
0x042c,&SOFTcy;
0x015a,&Sacute;
0x2abc,&Sc;
0x0160,&Scaron;
0x015e,&Scedil;
0x015c,&Scirc;
0x0421,&Scy;
0x1d516,&Sfr;
0x2193,&ShortDownArrow;
0x2190,&ShortLeftArrow;
0x2192,&ShortRightArrow;
0x2191,&ShortUpArrow;
0x03a3,&Sigma;
0x2218,&SmallCircle;
0x1d54a,&Sopf;
0x221a,&Sqrt;
0x25a1,&Square;
0x2293,&SquareIntersection;
0x228f,&SquareSubset;
0x2291,&SquareSubsetEqual;
0x2290,&SquareSuperset;
0x2292,&SquareSupersetEqual;
0x2294,&SquareUnion;
0x1d4ae,&Sscr;
0x22c6,&Star;
0x22d0,&Sub;
0x22d0,&Subset;
0x2286,&SubsetEqual;
0x227b,&Succeeds;
0x2ab0,&SucceedsEqual;
0x227d,&SucceedsSlantEqual;
0x227f,&SucceedsTilde;
0x220b,&SuchThat;
0x2211,&Sum;
0x22d1,&Sup;
0x2283,&Superset;
0x2287,&SupersetEqual;
0x22d1,&Supset;
0x00de,&THORN;
0x2122,&TRADE;
0x040b,&TSHcy;
0x0426,&TScy;
0x0009,&Tab;
0x03a4,&Tau;
0x0164,&Tcaron;
0x0162,&Tcedil;
0x0422,&Tcy;
0x1d517,&Tfr;
0x2234,&Therefore;
0x0398,&Theta;
0x205f,&ThickSpace;
0x2009,&ThinSpace;
0x223c,&Tilde;
0x2243,&TildeEqual;
0x2245,&TildeFullEqual;
0x2248,&TildeTilde;
0x1d54b,&Topf;
0x20db,&TripleDot;
0x1d4af,&Tscr;
0x0166,&Tstrok;
0x00da,&Uacute;
0x219f,&Uarr;
0x2949,&Uarrocir;
0x040e,&Ubrcy;
0x016c,&Ubreve;
0x00db,&Ucirc;
0x0423,&Ucy;
0x0170,&Udblac;
0x1d518,&Ufr;
0x00d9,&Ugrave;
0x016a,&Umacr;
0x005f,&UnderBar;
0x23df,&UnderBrace;
0x23b5,&UnderBracket;
0x23dd,&UnderParenthesis;
0x22c3,&Union;
0x228e,&UnionPlus;
0x0172,&Uogon;
0x1d54c,&Uopf;
0x2191,&UpArrow;
0x2912,&UpArrowBar;
0x21c5,&UpArrowDownArrow;
0x2195,&UpDownArrow;
0x296e,&UpEquilibrium;
0x22a5,&UpTee;
0x21a5,&UpTeeArrow;
0x21d1,&Uparrow;
0x21d5,&Updownarrow;
0x2196,&UpperLeftArrow;
0x2197,&UpperRightArrow;
0x03d2,&Upsi;
0x03a5,&Upsilon;
0x016e,&Uring;
0x1d4b0,&Uscr;
0x0168,&Utilde;
0x00dc,&Uuml;
0x22ab,&VDash;
0x2aeb,&Vbar;
0x0412,&Vcy;
0x22a9,&Vdash;
0x2ae6,&Vdashl;
0x22c1,&Vee;
0x2016,&Verbar;
0x2016,&Vert;
0x2223,&VerticalBar;
0x007c,&VerticalLine;
0x2758,&VerticalSeparator;
0x2240,&VerticalTilde;
0x200a,&VeryThinSpace;
0x1d519,&Vfr;
0x1d54d,&Vopf;
0x1d4b1,&Vscr;
0x22aa,&Vvdash;
0x0174,&Wcirc;
0x22c0,&Wedge;
0x1d51a,&Wfr;
0x1d54e,&Wopf;
0x1d4b2,&Wscr;
0x1d51b,&Xfr;
0x039e,&Xi;
0x1d54f,&Xopf;
0x1d4b3,&Xscr;
0x042f,&YAcy;
0x0407,&YIcy;
0x042e,&YUcy;
0x00dd,&Yacute;
0x0176,&Ycirc;
0x042b,&Ycy;
0x1d51c,&Yfr;
0x1d550,&Yopf;
0x1d4b4,&Yscr;
0x0178,&Yuml;
0x0416,&ZHcy;
0x0179,&Zacute;
0x017d,&Zcaron;
0x0417,&Zcy;
0x017b,&Zdot;
0x200b,&ZeroWidthSpace;
0x0396,&Zeta;
0x2128,&Zfr;
0x2124,&Zopf;
0x1d4b5,&Zscr;
0x00e1,&aacute;
0x0103,&abreve;
0x223e,&ac;
0x223e,&acE;
0x223f,&acd;
0x00e2,&acirc;
0x00b4,&acute;
0x0430,&acy;
0x00e6,&aelig;
0x2061,&af;
0x1d51e,&afr;
0x00e0,&agrave;
0x2135,&alefsym;
0x2135,&aleph;
0x03b1,&alpha;
0x0101,&amacr;
0x2a3f,&amalg;
0x0026,&amp;
0x2227,&and;
0x2a55,&andand;
0x2a5c,&andd;
0x2a58,&andslope;
0x2a5a,&andv;
0x2220,&ang;
0x29a4,&ange;
0x2220,&angle;
0x2221,&angmsd;
0x29a8,&angmsdaa;
0x29a9,&angmsdab;
0x29aa,&angmsdac;
0x29ab,&angmsdad;
0x29ac,&angmsdae;
0x29ad,&angmsdaf;
0x29ae,&angmsdag;
0x29af,&angmsdah;
0x221f,&angrt;
0x22be,&angrtvb;
0x299d,&angrtvbd;
0x2222,&angsph;
0x00c5,&angst;
0x237c,&angzarr;
0x0105,&aogon;
0x1d552,&aopf;
0x2248,&ap;
0x2a70,&apE;
0x2a6f,&apacir;
0x224a,&ape;
0x224b,&apid;
0x0027,&apos;
0x2248,&approx;
0x224a,&approxeq;
0x00e5,&aring;
0x1d4b6,&ascr;
0x002a,&ast;
0x2248,&asymp;
0x224d,&asympeq;
0x00e3,&atilde;
0x00e4,&auml;
0x2233,&awconint;
0x2a11,&awint;
0x2aed,&bNot;
0x224c,&backcong;
0x03f6,&backepsilon;
0x2035,&backprime;
0x223d,&backsim;
0x22cd,&backsimeq;
0x22bd,&barvee;
0x2305,&barwed;
0x2305,&barwedge;
0x23b5,&bbrk;
0x23b6,&bbrktbrk;
0x224c,&bcong;
0x0431,&bcy;
0x201e,&bdquo;
0x2235,&becaus;
0x2235,&because;
0x29b0,&bemptyv;
0x03f6,&bepsi;
0x212c,&bernou;
0x03b2,&beta;
0x2136,&beth;
0x226c,&between;
0x1d51f,&bfr;
0x22c2,&bigcap;
0x25ef,&bigcirc;
0x22c3,&bigcup;
0x2a00,&bigodot;
0x2a01,&bigoplus;
0x2a02,&bigotimes;
0x2a06,&bigsqcup;
0x2605,&bigstar;
0x25bd,&bigtriangledown;
0x25b3,&bigtriangleup;
0x2a04,&biguplus;
0x22c1,&bigvee;
0x22c0,&bigwedge;
0x290d,&bkarow;
0x29eb,&blacklozenge;
0x25aa,&blacksquare;
0x25b4,&blacktriangle;
0x25be,&blacktriangledown;
0x25c2,&blacktriangleleft;
0x25b8,&blacktriangleright;
0x2423,&blank;
0x2592,&blk12;
0x2591,&blk14;
0x2593,&blk34;
0x2588,&block;
0x003d,&bne;
0x2261,&bnequiv;
0x2310,&bnot;
0x1d553,&bopf;
0x22a5,&bot;
0x22a5,&bottom;
0x22c8,&bowtie;
0x2557,&boxDL;
0x2554,&boxDR;
0x2556,&boxDl;
0x2553,&boxDr;
0x2550,&boxH;
0x2566,&boxHD;
0x2569,&boxHU;
0x2564,&boxHd;
0x2567,&boxHu;
0x255d,&boxUL;
0x255a,&boxUR;
0x255c,&boxUl;
0x2559,&boxUr;
0x2551,&boxV;
0x256c,&boxVH;
0x2563,&boxVL;
0x2560,&boxVR;
0x256b,&boxVh;
0x2562,&boxVl;
0x255f,&boxVr;
0x29c9,&boxbox;
0x2555,&boxdL;
0x2552,&boxdR;
0x2510,&boxdl;
0x250c,&boxdr;
0x2500,&boxh;
0x2565,&boxhD;
0x2568,&boxhU;
0x252c,&boxhd;
0x2534,&boxhu;
0x229f,&boxminus;
0x229e,&boxplus;
0x22a0,&boxtimes;
0x255b,&boxuL;
0x2558,&boxuR;
0x2518,&boxul;
0x2514,&boxur;
0x2502,&boxv;
0x256a,&boxvH;
0x2561,&boxvL;
0x255e,&boxvR;
0x253c,&boxvh;
0x2524,&boxvl;
0x251c,&boxvr;
0x2035,&bprime;
0x02d8,&breve;
0x00a6,&brvbar;
0x1d4b7,&bscr;
0x204f,&bsemi;
0x223d,&bsim;
0x22cd,&bsime;
0x005c,&bsol;
0x29c5,&bsolb;
0x27c8,&bsolhsub;
0x2022,&bull;
0x2022,&bullet;
0x224e,&bump;
0x2aae,&bumpE;
0x224f,&bumpe;
0x224f,&bumpeq;
0x0107,&cacute;
0x2229,&cap;
0x2a44,&capand;
0x2a49,&capbrcup;
0x2a4b,&capcap;
0x2a47,&capcup;
0x2a40,&capdot;
0x2229,&caps;
0x2041,&caret;
0x02c7,&caron;
0x2a4d,&ccaps;
0x010d,&ccaron;
0x00e7,&ccedil;
0x0109,&ccirc;
0x2a4c,&ccups;
0x2a50,&ccupssm;
0x010b,&cdot;
0x00b8,&cedil;
0x29b2,&cemptyv;
0x00a2,&cent;
0x00b7,&centerdot;
0x1d520,&cfr;
0x0447,&chcy;
0x2713,&check;
0x2713,&checkmark;
0x03c7,&chi;
0x25cb,&cir;
0x29c3,&cirE;
0x02c6,&circ;
0x2257,&circeq;
0x21ba,&circlearrowleft;
0x21bb,&circlearrowright;
0x00ae,&circledR;
0x24c8,&circledS;
0x229b,&circledast;
0x229a,&circledcirc;
0x229d,&circleddash;
0x2257,&cire;
0x2a10,&cirfnint;
0x2aef,&cirmid;
0x29c2,&cirscir;
0x2663,&clubs;
0x2663,&clubsuit;
0x003a,&colon;
0x2254,&colone;
0x2254,&coloneq;
0x002c,&comma;
0x0040,&commat;
0x2201,&comp;
0x2218,&compfn;
0x2201,&complement;
0x2102,&complexes;
0x2245,&cong;
0x2a6d,&congdot;
0x222e,&conint;
0x1d554,&copf;
0x2210,&coprod;
0x00a9,&copy;
0x2117,&copysr;
0x21b5,&crarr;
0x2717,&cross;
0x1d4b8,&cscr;
0x2acf,&csub;
0x2ad1,&csube;
0x2ad0,&csup;
0x2ad2,&csupe;
0x22ef,&ctdot;
0x2938,&cudarrl;
0x2935,&cudarrr;
0x22de,&cuepr;
0x22df,&cuesc;
0x21b6,&cularr;
0x293d,&cularrp;
0x222a,&cup;
0x2a48,&cupbrcap;
0x2a46,&cupcap;
0x2a4a,&cupcup;
0x228d,&cupdot;
0x2a45,&cupor;
0x222a,&cups;
0x21b7,&curarr;
0x293c,&curarrm;
0x22de,&curlyeqprec;
0x22df,&curlyeqsucc;
0x22ce,&curlyvee;
0x22cf,&curlywedge;
0x00a4,&curren;
0x21b6,&curvearrowleft;
0x21b7,&curvearrowright;
0x22ce,&cuvee;
0x22cf,&cuwed;
0x2232,&cwconint;
0x2231,&cwint;
0x232d,&cylcty;
0x21d3,&dArr;
0x2965,&dHar;
0x2020,&dagger;
0x2138,&daleth;
0x21ca,&darr2;
0x2193,&darr;
0x2010,&dash;
0x22a3,&dashv;
0x290f,&dbkarow;
0x02dd,&dblac;
0x010f,&dcaron;
0x0434,&dcy;
0x2146,&dd;
0x2021,&ddagger;
0x21ca,&ddarr;
0x2a77,&ddotseq;
0x00b0,&deg;
0x03b4,&delta;
0x29b1,&demptyv;
0x297f,&dfisht;
0x1d521,&dfr;
0x21c3,&dharl;
0x21c2,&dharr;
0x22c4,&diam;
0x22c4,&diamond;
0x2666,&diamondsuit;
0x2666,&diams;
0x00a8,&die;
0x03dd,&digamma;
0x22f2,&disin;
0x00f7,&div;
0x00f7,&divide;
0x22c7,&divideontimes;
0x22c7,&divonx;
0x0452,&djcy;
0x2199,&dlarr;
0x231e,&dlcorn;
0x230d,&dlcrop;
0x0024,&dollar;
0x1d555,&dopf;
0x02d9,&dot;
0x2250,&doteq;
0x2251,&doteqdot;
0x2238,&dotminus;
0x2214,&dotplus;
0x22a1,&dotsquare;
0x2306,&doublebarwedge;
0x2193,&downarrow;
0x21ca,&downdownarrows;
0x21c3,&downharpoonleft;
0x21c2,&downharpoonright;
0x2198,&drarr;
0x2910,&drbkarow;
0x231f,&drcorn;
0x230c,&drcrop;
0x1d4b9,&dscr;
0x0455,&dscy;
0x29f6,&dsol;
0x0111,&dstrok;
0x22f1,&dtdot;
0x25bf,&dtri;
0x25be,&dtrif;
0x21f5,&duarr;
0x296f,&duhar;
0x29a6,&dwangle;
0x045f,&dzcy;
0x27ff,&dzigrarr;
0x2a77,&eDDot;
0x2251,&eDot;
0x00e9,&eacute;
0x2a6e,&easter;
0x011b,&ecaron;
0x2256,&ecir;
0x00ea,&ecirc;
0x2255,&ecolon;
0x044d,&ecy;
0x0117,&edot;
0x2147,&ee;
0x2252,&efDot;
0x1d522,&efr;
0x2a9a,&eg;
0x00e8,&egrave;
0x2a96,&egs;
0x2a98,&egsdot;
0x2a99,&el;
0x23e7,&elinters;
0x2113,&ell;
0x2a95,&els;
0x2a97,&elsdot;
0x0113,&emacr;
0x2205,&empty;
0x2205,&emptyset;
0x2205,&emptyv;
0x2004,&emsp13;
0x2005,&emsp14;
0x2003,&emsp;
0x014b,&eng;
0x2002,&ensp;
0x0119,&eogon;
0x1d556,&eopf;
0x22d5,&epar;
0x29e3,&eparsl;
0x2a71,&eplus;
0x03b5,&epsi;
0x03b5,&epsilon;
0x03f5,&epsiv;
0x2256,&eqcirc;
0x2255,&eqcolon;
0x2242,&eqsim;
0x2a96,&eqslantgtr;
0x2a95,&eqslantless;
0x003d,&equals;
0x225f,&equest;
0x2261,&equiv;
0x2a78,&equivDD;
0x29e5,&eqvparsl;
0x2253,&erDot;
0x2971,&erarr;
0x212f,&escr;
0x2250,&esdot;
0x2242,&esim;
0x03b7,&eta;
0x00f0,&eth;
0x00eb,&euml;
0x20ac,&euro;
0x0021,&excl;
0x2203,&exist;
0x2130,&expectation;
0x2147,&exponentiale;
0x2252,&fallingdotseq;
0x0444,&fcy;
0x2640,&female;
0xfb03,&ffilig;
0xfb00,&fflig;
0xfb04,&ffllig;
0x1d523,&ffr;
0xfb01,&filig;
0x0066,&fjlig;
0x266d,&flat;
0xfb02,&fllig;
0x25b1,&fltns;
0x0192,&fnof;
0x1d557,&fopf;
0x2200,&forall;
0x22d4,&fork;
0x2ad9,&forkv;
0x2a0d,&fpartint;
0x00bd,&frac12;
0x2153,&frac13;
0x00bc,&frac14;
0x2155,&frac15;
0x2159,&frac16;
0x215b,&frac18;
0x2154,&frac23;
0x2156,&frac25;
0x00be,&frac34;
0x2157,&frac35;
0x215c,&frac38;
0x2158,&frac45;
0x215a,&frac56;
0x215d,&frac58;
0x215e,&frac78;
0x2044,&frasl;
0x2322,&frown;
0x1d4bb,&fscr;
0x2267,&gE;
0x2a8c,&gEl;
0x01f5,&gacute;
0x03b3,&gamma;
0x03dd,&gammad;
0x2a86,&gap;
0x011f,&gbreve;
0x011d,&gcirc;
0x0433,&gcy;
0x0121,&gdot;
0x2265,&ge;
0x22db,&gel;
0x2265,&geq;
0x2267,&geqq;
0x2a7e,&geqslant;
0x2a7e,&ges;
0x2aa9,&gescc;
0x2a80,&gesdot;
0x2a82,&gesdoto;
0x2a84,&gesdotol;
0x22db,&gesl;
0x2a94,&gesles;
0x1d524,&gfr;
0x226b,&gg;
0x22d9,&ggg;
0x2137,&gimel;
0x0453,&gjcy;
0x2277,&gl;
0x2a92,&glE;
0x2aa5,&gla;
0x2aa4,&glj;
0x2269,&gnE;
0x2a8a,&gnap;
0x2a8a,&gnapprox;
0x2a88,&gne;
0x2a88,&gneq;
0x2269,&gneqq;
0x22e7,&gnsim;
0x1d558,&gopf;
0x0060,&grave;
0x210a,&gscr;
0x2273,&gsim;
0x2a8e,&gsime;
0x2a90,&gsiml;
0x003e,&gt;
0x2aa7,&gtcc;
0x2a7a,&gtcir;
0x22d7,&gtdot;
0x2995,&gtlPar;
0x2a7c,&gtquest;
0x2a86,&gtrapprox;
0x2978,&gtrarr;
0x22d7,&gtrdot;
0x22db,&gtreqless;
0x2a8c,&gtreqqless;
0x2277,&gtrless;
0x2273,&gtrsim;
0x2269,&gvertneqq;
0x2269,&gvnE;
0x21d4,&hArr;
0x200a,&hairsp;
0x00bd,&half;
0x210b,&hamilt;
0x044a,&hardcy;
0x2194,&harr;
0x2948,&harrcir;
0x21ad,&harrw;
0x210f,&hbar;
0x0125,&hcirc;
0x2665,&hearts;
0x2665,&heartsuit;
0x2026,&hellip;
0x22b9,&hercon;
0x1d525,&hfr;
0x2925,&hksearow;
0x2926,&hkswarow;
0x21ff,&hoarr;
0x223b,&homtht;
0x21a9,&hookleftarrow;
0x21aa,&hookrightarrow;
0x1d559,&hopf;
0x2015,&horbar;
0x1d4bd,&hscr;
0x210f,&hslash;
0x0127,&hstrok;
0x2043,&hybull;
0x2010,&hyphen;
0x00ed,&iacute;
0x2063,&ic;
0x00ee,&icirc;
0x0438,&icy;
0x0435,&iecy;
0x00a1,&iexcl;
0x21d4,&iff;
0x1d526,&ifr;
0x00ec,&igrave;
0x2148,&ii;
0x2a0c,&iiiint;
0x222d,&iiint;
0x29dc,&iinfin;
0x2129,&iiota;
0x0133,&ijlig;
0x012b,&imacr;
0x2111,&image;
0x2110,&imagline;
0x2111,&imagpart;
0x0131,&imath;
0x22b7,&imof;
0x01b5,&imped;
0x2208,&in;
0x2105,&incare;
0x221e,&infin;
0x29dd,&infintie;
0x0131,&inodot;
0x222b,&int;
0x22ba,&intcal;
0x2124,&integers;
0x22ba,&intercal;
0x2a17,&intlarhk;
0x2a3c,&intprod;
0x0451,&iocy;
0x012f,&iogon;
0x1d55a,&iopf;
0x03b9,&iota;
0x2a3c,&iprod;
0x00bf,&iquest;
0x1d4be,&iscr;
0x2208,&isin;
0x22f9,&isinE;
0x22f5,&isindot;
0x22f4,&isins;
0x22f3,&isinsv;
0x2208,&isinv;
0x2062,&it;
0x0129,&itilde;
0x0456,&iukcy;
0x00ef,&iuml;
0x0135,&jcirc;
0x0439,&jcy;
0x1d527,&jfr;
0x0237,&jmath;
0x1d55b,&jopf;
0x1d4bf,&jscr;
0x0458,&jsercy;
0x0454,&jukcy;
0x03ba,&kappa;
0x03f0,&kappav;
0x0137,&kcedil;
0x043a,&kcy;
0x1d528,&kfr;
0x0138,&kgreen;
0x0445,&khcy;
0x045c,&kjcy;
0x1d55c,&kopf;
0x1d4c0,&kscr;
0x21da,&lAarr;
0x21d0,&lArr;
0x291b,&lAtail;
0x290e,&lBarr;
0x2266,&lE;
0x2a8b,&lEg;
0x2962,&lHar;
0x013a,&lacute;
0x29b4,&laemptyv;
0x2112,&lagran;
0x03bb,&lambda;
0x2329,&lang;
0x27e8,&lang;
0x2991,&langd;
0x27e8,&langle;
0x2a85,&lap;
0x00ab,&laquo;
0x21c7,&larr2;
0x2190,&larr;
0x21e4,&larrb;
0x291f,&larrbfs;
0x291d,&larrfs;
0x21a9,&larrhk;
0x21ab,&larrlp;
0x2939,&larrpl;
0x2973,&larrsim;
0x21a2,&larrtl;
0x2aab,&lat;
0x2919,&latail;
0x2aad,&late;
0x2aad,&lates;
0x290c,&lbarr;
0x2772,&lbbrk;
0x007b,&lbrace;
0x005b,&lbrack;
0x298b,&lbrke;
0x298f,&lbrksld;
0x298d,&lbrkslu;
0x013e,&lcaron;
0x013c,&lcedil;
0x2308,&lceil;
0x007b,&lcub;
0x043b,&lcy;
0x2936,&ldca;
0x201c,&ldquo;
0x201e,&ldquor;
0x2967,&ldrdhar;
0x294b,&ldrushar;
0x21b2,&ldsh;
0x2264,&le;
0x2190,&leftarrow;
0x21a2,&leftarrowtail;
0x21bd,&leftharpoondown;
0x21bc,&leftharpoonup;
0x21c7,&leftleftarrows;
0x2194,&leftrightarrow;
0x21c6,&leftrightarrows;
0x21cb,&leftrightharpoons;
0x21ad,&leftrightsquigarrow;
0x22cb,&leftthreetimes;
0x22da,&leg;
0x2264,&leq;
0x2266,&leqq;
0x2a7d,&leqslant;
0x2a7d,&les;
0x2aa8,&lescc;
0x2a7f,&lesdot;
0x2a81,&lesdoto;
0x2a83,&lesdotor;
0x22da,&lesg;
0x2a93,&lesges;
0x2a85,&lessapprox;
0x22d6,&lessdot;
0x22da,&lesseqgtr;
0x2a8b,&lesseqqgtr;
0x2276,&lessgtr;
0x2272,&lesssim;
0x297c,&lfisht;
0x230a,&lfloor;
0x1d529,&lfr;
0x2276,&lg;
0x2a91,&lgE;
0x21bd,&lhard;
0x21bc,&lharu;
0x296a,&lharul;
0x2584,&lhblk;
0x0459,&ljcy;
0x226a,&ll;
0x21c7,&llarr;
0x231e,&llcorner;
0x296b,&llhard;
0x25fa,&lltri;
0x0140,&lmidot;
0x23b0,&lmoust;
0x23b0,&lmoustache;
0x2268,&lnE;
0x2a89,&lnap;
0x2a89,&lnapprox;
0x2a87,&lne;
0x2a87,&lneq;
0x2268,&lneqq;
0x22e6,&lnsim;
0x27ec,&loang;
0x21fd,&loarr;
0x27e6,&lobrk;
0x27f5,&longleftarrow;
0x27f7,&longleftrightarrow;
0x27fc,&longmapsto;
0x27f6,&longrightarrow;
0x21ab,&looparrowleft;
0x21ac,&looparrowright;
0x2985,&lopar;
0x1d55d,&lopf;
0x2a2d,&loplus;
0x2a34,&lotimes;
0x2217,&lowast;
0x005f,&lowbar;
0x25ca,&loz;
0x25ca,&lozenge;
0x29eb,&lozf;
0x0028,&lpar;
0x2993,&lparlt;
0x21c6,&lrarr2;
0x21c6,&lrarr;
0x231f,&lrcorner;
0x21cb,&lrhar2;
0x21cb,&lrhar;
0x296d,&lrhard;
0x200e,&lrm;
0x22bf,&lrtri;
0x2039,&lsaquo;
0x1d4c1,&lscr;
0x21b0,&lsh;
0x2272,&lsim;
0x2a8d,&lsime;
0x2a8f,&lsimg;
0x005b,&lsqb;
0x2018,&lsquo;
0x201a,&lsquor;
0x0142,&lstrok;
0x003c,&lt;
0x2aa6,&ltcc;
0x2a79,&ltcir;
0x22d6,&ltdot;
0x22cb,&lthree;
0x22c9,&ltimes;
0x2976,&ltlarr;
0x2a7b,&ltquest;
0x2996,&ltrPar;
0x25c3,&ltri;
0x22b4,&ltrie;
0x25c2,&ltrif;
0x294a,&lurdshar;
0x2966,&luruhar;
0x2268,&lvertneqq;
0x2268,&lvnE;
0x223a,&mDDot;
0x00af,&macr;
0x2642,&male;
0x2720,&malt;
0x2720,&maltese;
0x21a6,&map;
0x21a6,&mapsto;
0x21a7,&mapstodown;
0x21a4,&mapstoleft;
0x21a5,&mapstoup;
0x25ae,&marker;
0x2a29,&mcomma;
0x043c,&mcy;
0x2014,&mdash;
0x2221,&measuredangle;
0x1d52a,&mfr;
0x2127,&mho;
0x00b5,&micro;
0x2223,&mid;
0x002a,&midast;
0x2af0,&midcir;
0x00b7,&middot;
0x2212,&minus;
0x229f,&minusb;
0x2238,&minusd;
0x2a2a,&minusdu;
0x2adb,&mlcp;
0x2026,&mldr;
0x2213,&mnplus;
0x22a7,&models;
0x1d55e,&mopf;
0x2213,&mp;
0x1d4c2,&mscr;
0x223e,&mstpos;
0x03bc,&mu;
0x22b8,&multimap;
0x22b8,&mumap;
0x22d9,&nGg;
0x226b,&nGt;
0x226b,&nGtv;
0x21cd,&nLeftarrow;
0x21ce,&nLeftrightarrow;
0x22d8,&nLl;
0x226a,&nLt;
0x226a,&nLtv;
0x21cf,&nRightarrow;
0x22af,&nVDash;
0x22ae,&nVdash;
0x2207,&nabla;
0x0144,&nacute;
0x2220,&nang;
0x2249,&nap;
0x2a70,&napE;
0x224b,&napid;
0x0149,&napos;
0x2249,&napprox;
0x266e,&natur;
0x266e,&natural;
0x2115,&naturals;
0x00a0,&nbsp;
0x224e,&nbump;
0x224f,&nbumpe;
0x2a43,&ncap;
0x0148,&ncaron;
0x0146,&ncedil;
0x2247,&ncong;
0x2a6d,&ncongdot;
0x2a42,&ncup;
0x043d,&ncy;
0x2013,&ndash;
0x2260,&ne;
0x2260,&ne;
0x21d7,&neArr;
0x2924,&nearhk;
0x2197,&nearr;
0x2197,&nearrow;
0x2250,&nedot;
0x2262,&nequiv;
0x2928,&nesear;
0x2242,&nesim;
0x2204,&nexist;
0x2204,&nexists;
0x1d52b,&nfr;
0x2267,&ngE;
0x2271,&nge;
0x2271,&ngeq;
0x2267,&ngeqq;
0x2a7e,&ngeqslant;
0x2a7e,&nges;
0x2275,&ngsim;
0x226f,&ngt;
0x226f,&ngtr;
0x21ce,&nhArr;
0x21ae,&nharr;
0x2af2,&nhpar;
0x220b,&ni;
0x22fc,&nis;
0x22fa,&nisd;
0x220b,&niv;
0x045a,&njcy;
0x21cd,&nlArr;
0x2266,&nlE;
0x219a,&nlarr;
0x2025,&nldr;
0x2270,&nle;
0x219a,&nleftarrow;
0x21ae,&nleftrightarrow;
0x2270,&nleq;
0x2266,&nleqq;
0x2a7d,&nleqslant;
0x2a7d,&nles;
0x226e,&nless;
0x2274,&nlsim;
0x226e,&nlt;
0x22ea,&nltri;
0x22ec,&nltrie;
0x2224,&nmid;
0x1d55f,&nopf;
0x00ac,&not;
0x2209,&notin;
0x22f9,&notinE;
0x22f5,&notindot;
0x2209,&notinva;
0x22f7,&notinvb;
0x22f6,&notinvc;
0x220c,&notni;
0x220c,&notniva;
0x22fe,&notnivb;
0x22fd,&notnivc;
0x2226,&npar;
0x2226,&nparallel;
0x2afd,&nparsl;
0x2202,&npart;
0x2a14,&npolint;
0x2280,&npr;
0x22e0,&nprcue;
0x2aaf,&npre;
0x2280,&nprec;
0x2aaf,&npreceq;
0x21cf,&nrArr;
0x219b,&nrarr;
0x2933,&nrarrc;
0x219d,&nrarrw;
0x219b,&nrightarrow;
0x22eb,&nrtri;
0x22ed,&nrtrie;
0x2281,&nsc;
0x22e1,&nsccue;
0x2ab0,&nsce;
0x1d4c3,&nscr;
0x2224,&nshortmid;
0x2226,&nshortparallel;
0x2241,&nsim;
0x2244,&nsime;
0x2244,&nsimeq;
0x2224,&nsmid;
0x2226,&nspar;
0x22e2,&nsqsube;
0x22e3,&nsqsupe;
0x2284,&nsub;
0x2ac5,&nsubE;
0x2288,&nsube;
0x2282,&nsubset;
0x2288,&nsubseteq;
0x2ac5,&nsubseteqq;
0x2281,&nsucc;
0x2ab0,&nsucceq;
0x2285,&nsup;
0x2ac6,&nsupE;
0x2289,&nsupe;
0x2283,&nsupset;
0x2289,&nsupseteq;
0x2ac6,&nsupseteqq;
0x2279,&ntgl;
0x00f1,&ntilde;
0x2278,&ntlg;
0x22ea,&ntriangleleft;
0x22ec,&ntrianglelefteq;
0x22eb,&ntriangleright;
0x22ed,&ntrianglerighteq;
0x03bd,&nu;
0x0023,&num;
0x2116,&numero;
0x2007,&numsp;
0x22ad,&nvDash;
0x2904,&nvHarr;
0x224d,&nvap;
0x22ac,&nvdash;
0x2265,&nvge;
0x003e,&nvgt;
0x29de,&nvinfin;
0x2902,&nvlArr;
0x2264,&nvle;
0x003c,&nvlt;
0x22b4,&nvltrie;
0x2903,&nvrArr;
0x22b5,&nvrtrie;
0x223c,&nvsim;
0x21d6,&nwArr;
0x2923,&nwarhk;
0x2196,&nwarr;
0x2196,&nwarrow;
0x2927,&nwnear;
0x24c8,&oS;
0x00f3,&oacute;
0x229b,&oast;
0x229a,&ocir;
0x00f4,&ocirc;
0x043e,&ocy;
0x229d,&odash;
0x0151,&odblac;
0x2a38,&odiv;
0x2299,&odot;
0x29bc,&odsold;
0x0153,&oelig;
0x29bf,&ofcir;
0x1d52c,&ofr;
0x02db,&ogon;
0x00f2,&ograve;
0x29c1,&ogt;
0x29b5,&ohbar;
0x03a9,&ohm;
0x222e,&oint;
0x21ba,&olarr;
0x29be,&olcir;
0x29bb,&olcross;
0x203e,&oline;
0x29c0,&olt;
0x014d,&omacr;
0x03c9,&omega;
0x03bf,&omicron;
0x29b6,&omid;
0x2296,&ominus;
0x1d560,&oopf;
0x29b7,&opar;
0x29b9,&operp;
0x2295,&oplus;
0x2228,&or;
0x21bb,&orarr;
0x2a5d,&ord;
0x2134,&order;
0x2134,&orderof;
0x00aa,&ordf;
0x00ba,&ordm;
0x22b6,&origof;
0x2a56,&oror;
0x2a57,&orslope;
0x2a5b,&orv;
0x2134,&oscr;
0x00f8,&oslash;
0x2298,&osol;
0x00f5,&otilde;
0x2297,&otimes;
0x2a36,&otimesas;
0x00f6,&ouml;
0x233d,&ovbar;
0x2225,&par;
0x00b6,&para;
0x2225,&parallel;
0x2af3,&parsim;
0x2afd,&parsl;
0x2202,&part;
0x043f,&pcy;
0x0025,&percnt;
0x002e,&period;
0x2030,&permil;
0x22a5,&perp;
0x2031,&pertenk;
0x1d52d,&pfr;
0x03c6,&phi;
0x03d5,&phiv;
0x2133,&phmmat;
0x260e,&phone;
0x03c0,&pi;
0x22d4,&pitchfork;
0x03d6,&piv;
0x210e,&planckh;
0x210f,&plankv;
0x002b,&plus;
0x2a23,&plusacir;
0x229e,&plusb;
0x2a22,&pluscir;
0x2214,&plusdo;
0x2a25,&plusdu;
0x2a72,&pluse;
0x00b1,&plusmn;
0x2a26,&plussim;
0x2a27,&plustwo;
0x00b1,&pm;
0x2a15,&pointint;
0x1d561,&popf;
0x00a3,&pound;
0x227a,&pr;
0x2ab3,&prE;
0x2ab7,&prap;
0x227c,&prcue;
0x2aaf,&pre;
0x227a,&prec;
0x2ab7,&precapprox;
0x227c,&preccurlyeq;
0x2aaf,&preceq;
0x2ab9,&precnapprox;
0x2ab5,&precneqq;
0x22e8,&precnsim;
0x227e,&precsim;
0x2032,&prime;
0x2119,&primes;
0x2ab5,&prnE;
0x2ab9,&prnap;
0x22e8,&prnsim;
0x220f,&prod;
0x232e,&profalar;
0x2312,&profline;
0x2313,&profsurf;
0x221d,&prop;
0x221d,&propto;
0x227e,&prsim;
0x22b0,&prurel;
0x1d4c5,&pscr;
0x03c8,&psi;
0x2008,&puncsp;
0x1d52e,&qfr;
0x2a0c,&qint;
0x1d562,&qopf;
0x2057,&qprime;
0x1d4c6,&qscr;
0x210d,&quaternions;
0x2a16,&quatint;
0x003f,&quest;
0x225f,&questeq;
0x0022,&quot;
0x21db,&rAarr;
0x21d2,&rArr;
0x291c,&rAtail;
0x290f,&rBarr;
0x2964,&rHar;
0x223d,&race;
0x0155,&racute;
0x221a,&radic;
0x29b3,&raemptyv;
0x232a,&rang;
0x27e9,&rang;
0x2992,&rangd;
0x29a5,&range;
0x27e9,&rangle;
0x00bb,&raquo;
0x21c9,&rarr2;
0x2192,&rarr;
0x2975,&rarrap;
0x21e5,&rarrb;
0x2920,&rarrbfs;
0x2933,&rarrc;
0x291e,&rarrfs;
0x21aa,&rarrhk;
0x21ac,&rarrlp;
0x2945,&rarrpl;
0x2974,&rarrsim;
0x21a3,&rarrtl;
0x219d,&rarrw;
0x291a,&ratail;
0x2236,&ratio;
0x211a,&rationals;
0x290d,&rbarr;
0x2773,&rbbrk;
0x007d,&rbrace;
0x005d,&rbrack;
0x298c,&rbrke;
0x298e,&rbrksld;
0x2990,&rbrkslu;
0x0159,&rcaron;
0x0157,&rcedil;
0x2309,&rceil;
0x007d,&rcub;
0x0440,&rcy;
0x2937,&rdca;
0x2969,&rdldhar;
0x201d,&rdquo;
0x201d,&rdquor;
0x21b3,&rdsh;
0x211c,&real;
0x211b,&realine;
0x211c,&realpart;
0x211d,&reals;
0x25ad,&rect;
0x00ae,&reg;
0x297d,&rfisht;
0x230b,&rfloor;
0x1d52f,&rfr;
0x21c1,&rhard;
0x21c0,&rharu;
0x296c,&rharul;
0x03c1,&rho;
0x03f1,&rhov;
0x2192,&rightarrow;
0x21a3,&rightarrowtail;
0x21c1,&rightharpoondown;
0x21c0,&rightharpoonup;
0x21c4,&rightleftarrows;
0x21cc,&rightleftharpoons;
0x21c9,&rightrightarrows;
0x219d,&rightsquigarrow;
0x22cc,&rightthreetimes;
0x02da,&ring;
0x2253,&risingdotseq;
0x21c4,&rlarr2;
0x21c4,&rlarr;
0x21cc,&rlhar2;
0x21cc,&rlhar;
0x200f,&rlm;
0x23b1,&rmoust;
0x23b1,&rmoustache;
0x2aee,&rnmid;
0x27ed,&roang;
0x21fe,&roarr;
0x27e7,&robrk;
0x2986,&ropar;
0x1d563,&ropf;
0x2a2e,&roplus;
0x2a35,&rotimes;
0x0029,&rpar;
0x2994,&rpargt;
0x2a12,&rppolint;
0x21c9,&rrarr;
0x203a,&rsaquo;
0x1d4c7,&rscr;
0x21b1,&rsh;
0x005d,&rsqb;
0x2019,&rsquo;
0x2019,&rsquor;
0x22cc,&rthree;
0x22ca,&rtimes;
0x25b9,&rtri;
0x22b5,&rtrie;
0x25b8,&rtrif;
0x29ce,&rtriltri;
0x2968,&ruluhar;
0x211e,&rx;
0x015b,&sacute;
0x201a,&sbquo;
0x227b,&sc;
0x2ab4,&scE;
0x2ab8,&scap;
0x0161,&scaron;
0x227d,&sccue;
0x2ab0,&sce;
0x015f,&scedil;
0x015d,&scirc;
0x2ab6,&scnE;
0x2aba,&scnap;
0x22e9,&scnsim;
0x2a13,&scpolint;
0x227f,&scsim;
0x0441,&scy;
0x22c5,&sdot;
0x22a1,&sdotb;
0x2a66,&sdote;
0x21d8,&seArr;
0x2925,&searhk;
0x2198,&searr;
0x2198,&searrow;
0x00a7,&sect;
0x003b,&semi;
0x2929,&seswar;
0x2216,&setminus;
0x2216,&setmn;
0x2736,&sext;
0x1d530,&sfr;
0x2322,&sfrown;
0x266f,&sharp;
0x0449,&shchcy;
0x0448,&shcy;
0x2223,&shortmid;
0x2225,&shortparallel;
0x00ad,&shy;
0x03c3,&sigma;
0x03c2,&sigmaf;
0x03c2,&sigmav;
0x223c,&sim;
0x2a6a,&simdot;
0x2243,&sime;
0x2243,&simeq;
0x2a9e,&simg;
0x2aa0,&simgE;
0x2a9d,&siml;
0x2a9f,&simlE;
0x2246,&simne;
0x2a24,&simplus;
0x2972,&simrarr;
0x2190,&slarr;
0x2216,&smallsetminus;
0x2a33,&smashp;
0x29e4,&smeparsl;
0x2223,&smid;
0x2323,&smile;
0x2aaa,&smt;
0x2aac,&smte;
0x2aac,&smtes;
0x044c,&softcy;
0x002f,&sol;
0x29c4,&solb;
0x233f,&solbar;
0x1d564,&sopf;
0x2660,&spades;
0x2660,&spadesuit;
0x2225,&spar;
0x2293,&sqcap;
0x2293,&sqcaps;
0x2294,&sqcup;
0x2294,&sqcups;
0x228f,&sqsub;
0x2291,&sqsube;
0x228f,&sqsubset;
0x2291,&sqsubseteq;
0x2290,&sqsup;
0x2292,&sqsupe;
0x2290,&sqsupset;
0x2292,&sqsupseteq;
0x25a1,&squ;
0x25a1,&square;
0x25aa,&squarf;
0x25aa,&squf;
0x2192,&srarr;
0x1d4c8,&sscr;
0x2216,&ssetmn;
0x2323,&ssmile;
0x22c6,&sstarf;
0x2606,&star;
0x2605,&starf;
0x03f5,&straightepsilon;
0x03d5,&straightphi;
0x00af,&strns;
0x2282,&sub;
0x2ac5,&subE;
0x2abd,&subdot;
0x2286,&sube;
0x2ac3,&subedot;
0x2ac1,&submult;
0x2acb,&subnE;
0x228a,&subne;
0x2abf,&subplus;
0x2979,&subrarr;
0x2282,&subset;
0x2286,&subseteq;
0x2ac5,&subseteqq;
0x228a,&subsetneq;
0x2acb,&subsetneqq;
0x2ac7,&subsim;
0x2ad5,&subsub;
0x2ad3,&subsup;
0x227b,&succ;
0x2ab8,&succapprox;
0x227d,&succcurlyeq;
0x2ab0,&succeq;
0x2aba,&succnapprox;
0x2ab6,&succneqq;
0x22e9,&succnsim;
0x227f,&succsim;
0x2211,&sum;
0x266a,&sung;
0x00b9,&sup1;
0x00b2,&sup2;
0x00b3,&sup3;
0x2283,&sup;
0x2ac6,&supE;
0x2abe,&supdot;
0x2ad8,&supdsub;
0x2287,&supe;
0x2ac4,&supedot;
0x27c9,&suphsol;
0x2ad7,&suphsub;
0x297b,&suplarr;
0x2ac2,&supmult;
0x2acc,&supnE;
0x228b,&supne;
0x2ac0,&supplus;
0x2283,&supset;
0x2287,&supseteq;
0x2ac6,&supseteqq;
0x228b,&supsetneq;
0x2acc,&supsetneqq;
0x2ac8,&supsim;
0x2ad4,&supsub;
0x2ad6,&supsup;
0x21d9,&swArr;
0x2926,&swarhk;
0x2199,&swarr;
0x2199,&swarrow;
0x292a,&swnwar;
0x00df,&szlig;
0x2316,&target;
0x03c4,&tau;
0x23b4,&tbrk;
0x0165,&tcaron;
0x0163,&tcedil;
0x0442,&tcy;
0x20db,&tdot;
0x2315,&telrec;
0x1d531,&tfr;
0x2234,&there4;
0x2234,&therefore;
0x03b8,&theta;
0x03d1,&thetasym;
0x03d1,&thetav;
0x2248,&thickapprox;
0x223c,&thicksim;
0x2009,&thinsp;
0x2248,&thkap;
0x223c,&thksim;
0x00fe,&thorn;
0x02dc,&tilde;
0x00d7,&times;
0x22a0,&timesb;
0x2a31,&timesbar;
0x2a30,&timesd;
0x222d,&tint;
0x2928,&toea;
0x22a4,&top;
0x2336,&topbot;
0x2af1,&topcir;
0x1d565,&topf;
0x2ada,&topfork;
0x2929,&tosa;
0x2034,&tprime;
0x2122,&trade;
0x25b5,&triangle;
0x25bf,&triangledown;
0x25c3,&triangleleft;
0x22b4,&trianglelefteq;
0x225c,&triangleq;
0x25b9,&triangleright;
0x22b5,&trianglerighteq;
0x25ec,&tridot;
0x225c,&trie;
0x2a3a,&triminus;
0x2a39,&triplus;
0x29cd,&trisb;
0x2a3b,&tritime;
0x23e2,&trpezium;
0x1d4c9,&tscr;
0x0446,&tscy;
0x045b,&tshcy;
0x0167,&tstrok;
0x226c,&twixt;
0x219e,&twoheadleftarrow;
0x21a0,&twoheadrightarrow;
0x21d1,&uArr;
0x2963,&uHar;
0x00fa,&uacute;
0x21c8,&uarr2;
0x2191,&uarr;
0x045e,&ubrcy;
0x016d,&ubreve;
0x00fb,&ucirc;
0x0443,&ucy;
0x21c5,&udarr;
0x0171,&udblac;
0x296e,&udhar;
0x297e,&ufisht;
0x1d532,&ufr;
0x00f9,&ugrave;
0x21bf,&uharl;
0x21be,&uharr;
0x2580,&uhblk;
0x231c,&ulcorn;
0x231c,&ulcorner;
0x230f,&ulcrop;
0x25f8,&ultri;
0x016b,&umacr;
0x00a8,&uml;
0x0173,&uogon;
0x1d566,&uopf;
0x2191,&uparrow;
0x2195,&updownarrow;
0x21bf,&upharpoonleft;
0x21be,&upharpoonright;
0x228e,&uplus;
0x03c5,&upsi;
0x03d2,&upsih;
0x03c5,&upsilon;
0x21c8,&upuparrows;
0x231d,&urcorn;
0x231d,&urcorner;
0x230e,&urcrop;
0x016f,&uring;
0x25f9,&urtri;
0x1d4ca,&uscr;
0x22f0,&utdot;
0x0169,&utilde;
0x25b5,&utri;
0x25b4,&utrif;
0x21c8,&uuarr;
0x00fc,&uuml;
0x29a7,&uwangle;
0x21d5,&vArr;
0x2ae8,&vBar;
0x2ae9,&vBarv;
0x22a8,&vDash;
0x299c,&vangrt;
0x03f5,&varepsilon;
0x03f0,&varkappa;
0x2205,&varnothing;
0x03d5,&varphi;
0x03d6,&varpi;
0x221d,&varpropto;
0x2195,&varr;
0x03f1,&varrho;
0x03c2,&varsigma;
0x228a,&varsubsetneq;
0x2acb,&varsubsetneqq;
0x228b,&varsupsetneq;
0x2acc,&varsupsetneqq;
0x03d1,&vartheta;
0x22b2,&vartriangleleft;
0x22b3,&vartriangleright;
0x0432,&vcy;
0x22a2,&vdash;
0x2228,&vee;
0x22bb,&veebar;
0x225a,&veeeq;
0x22ee,&vellip;
0x007c,&verbar;
0x007c,&vert;
0x1d533,&vfr;
0x22b2,&vltri;
0x2282,&vnsub;
0x2283,&vnsup;
0x1d567,&vopf;
0x221d,&vprop;
0x22b3,&vrtri;
0x1d4cb,&vscr;
0x2acb,&vsubnE;
0x228a,&vsubne;
0x2acc,&vsupnE;
0x228b,&vsupne;
0x299a,&vzigzag;
0x0175,&wcirc;
0x2a5f,&wedbar;
0x2227,&wedge;
0x2259,&wedgeq;
0x2118,&weierp;
0x1d534,&wfr;
0x1d568,&wopf;
0x2118,&wp;
0x2240,&wr;
0x2240,&wreath;
0x1d4cc,&wscr;
0x22c2,&xcap;
0x25ef,&xcirc;
0x22c3,&xcup;
0x25bd,&xdtri;
0x1d535,&xfr;
0x27fa,&xhArr;
0x27f7,&xharr;
0x03be,&xi;
0x27f8,&xlArr;
0x27f5,&xlarr;
0x27fc,&xmap;
0x22fb,&xnis;
0x2a00,&xodot;
0x1d569,&xopf;
0x2a01,&xoplus;
0x2a02,&xotime;
0x27f9,&xrArr;
0x27f6,&xrarr;
0x1d4cd,&xscr;
0x2a06,&xsqcup;
0x2a04,&xuplus;
0x25b3,&xutri;
0x22c1,&xvee;
0x22c0,&xwedge;
0x00fd,&yacute;
0x044f,&yacy;
0x0177,&ycirc;
0x044b,&ycy;
0x00a5,&yen;
0x1d536,&yfr;
0x0457,&yicy;
0x1d56a,&yopf;
0x1d4ce,&yscr;
0x044e,&yucy;
0x00ff,&yuml;
0x017a,&zacute;
0x017e,&zcaron;
0x0437,&zcy;
0x017c,&zdot;
0x2128,&zeetrf;
0x03b6,&zeta;
0x1d537,&zfr;
0x0436,&zhcy;
0x21dd,&zigrarr;
0x1d56b,&zopf;
0x1d4cf,&zscr;
0x200d,&zwj;
0x200c,&zwnj;
0x0027,'
0x0040,@
0x005e,^
0x0060,`
0x007e,~